{"last_download_success": 1679181597.9119804, "unseen_downloads": [], "last_download_failure": 1679308474.4046152}